provinsi,kode_kota_kabupaten,nama_kota_kabupaten,kematian,penyebab,jumlah,satuan
JAWA BARAT,3204,KABUPATEN BANDUNG,KEMATIAN IBU,PENDARAHAN,19,JIWA
JAWA BARAT,3204,KABUPATEN BANDUNG,KEMATIAN IBU,HIPERTENSI,11,JIWA
JAWA BARAT,3204,KABUPATEN BANDUNG,KEMATIAN IBU,INFEKSI,2,JIWA
JAWA BARAT,3204,KABUPATEN BANDUNG,KEMATIAN IBU,GANGGUAN DARAH,2,JIWA
JAWA BARAT,3204,KABUPATEN BANDUNG,KEMATIAN IBU,GANGGUAN METABOLIK,0,JIWA
JAWA BARAT,3204,KABUPATEN BANDUNG,KEMATIAN IBU,LAIN-LAIN,5,JIWA
JAWA BARAT,3204,KABUPATEN BANDUNG,LAHIR MATI,BBLR,98,JIWA
JAWA BARAT,3204,KABUPATEN BANDUNG,LAHIR MATI,ASFIKSIA,45,JIWA
JAWA BARAT,3204,KABUPATEN BANDUNG,LAHIR MATI,TETANUS,2,JIWA
JAWA BARAT,3204,KABUPATEN BANDUNG,LAHIR MATI,SEPSIS,8,JIWA
JAWA BARAT,3204,KABUPATEN BANDUNG,LAHIR MATI,KELAINAN,18,JIWA
JAWA BARAT,3204,KABUPATEN BANDUNG,LAHIR MATI,LAIN-LAIN,18,JIWA
JAWA BARAT,3204,KABUPATEN BANDUNG,KEMATIAN POST-NEO,PNEUMONIA,2,JIWA
JAWA BARAT,3204,KABUPATEN BANDUNG,KEMATIAN POST-NEO,DIARE,1,JIWA
JAWA BARAT,3204,KABUPATEN BANDUNG,KEMATIAN POST-NEO,SALURAN CERNA,0,JIWA
JAWA BARAT,3204,KABUPATEN BANDUNG,KEMATIAN POST-NEO,TETANUS,0,JIWA
JAWA BARAT,3204,KABUPATEN BANDUNG,KEMATIAN POST-NEO,KELAINAN SARAF,0,JIWA
JAWA BARAT,3204,KABUPATEN BANDUNG,KEMATIAN POST-NEO,MALARIA,0,JIWA
JAWA BARAT,3204,KABUPATEN BANDUNG,KEMATIAN POST-NEO,LAIN-LAIN,12,JIWA
JAWA BARAT,3204,KABUPATEN BANDUNG,KEMATIAN BALITA,DIARE,0,JIWA
JAWA BARAT,3204,KABUPATEN BANDUNG,KEMATIAN BALITA,PNEUMONIA,0,JIWA
JAWA BARAT,3204,KABUPATEN BANDUNG,KEMATIAN BALITA,MALARIA,0,JIWA
JAWA BARAT,3204,KABUPATEN BANDUNG,KEMATIAN BALITA,CAMPAK,0,JIWA
JAWA BARAT,3204,KABUPATEN BANDUNG,KEMATIAN BALITA,DEMAM,0,JIWA
JAWA BARAT,3204,KABUPATEN BANDUNG,KEMATIAN BALITA,DIFTERI,0,JIWA
JAWA BARAT,3204,KABUPATEN BANDUNG,KEMATIAN BALITA,LAIN-LAIN,4,JIWA
JAWA BARAT,3217,KABUPATEN BANDUNG BARAT,KEMATIAN IBU,PENDARAHAN,5,JIWA
JAWA BARAT,3217,KABUPATEN BANDUNG BARAT,KEMATIAN IBU,HIPERTENSI,20,JIWA
JAWA BARAT,3217,KABUPATEN BANDUNG BARAT,KEMATIAN IBU,INFEKSI,4,JIWA
JAWA BARAT,3217,KABUPATEN BANDUNG BARAT,KEMATIAN IBU,GANGGUAN DARAH,6,JIWA
JAWA BARAT,3217,KABUPATEN BANDUNG BARAT,KEMATIAN IBU,GANGGUAN METABOLIK,0,JIWA
JAWA BARAT,3217,KABUPATEN BANDUNG BARAT,KEMATIAN IBU,LAIN-LAIN,3,JIWA
JAWA BARAT,3217,KABUPATEN BANDUNG BARAT,LAHIR MATI,BBLR,71,JIWA
JAWA BARAT,3217,KABUPATEN BANDUNG BARAT,LAHIR MATI,ASFIKSIA,47,JIWA
JAWA BARAT,3217,KABUPATEN BANDUNG BARAT,LAHIR MATI,TETANUS,0,JIWA
JAWA BARAT,3217,KABUPATEN BANDUNG BARAT,LAHIR MATI,SEPSIS,1,JIWA
JAWA BARAT,3217,KABUPATEN BANDUNG BARAT,LAHIR MATI,KELAINAN,8,JIWA
JAWA BARAT,3217,KABUPATEN BANDUNG BARAT,LAHIR MATI,LAIN-LAIN,10,JIWA
JAWA BARAT,3217,KABUPATEN BANDUNG BARAT,KEMATIAN POST-NEO,PNEUMONIA,3,JIWA
JAWA BARAT,3217,KABUPATEN BANDUNG BARAT,KEMATIAN POST-NEO,DIARE,2,JIWA
JAWA BARAT,3217,KABUPATEN BANDUNG BARAT,KEMATIAN POST-NEO,SALURAN CERNA,0,JIWA
JAWA BARAT,3217,KABUPATEN BANDUNG BARAT,KEMATIAN POST-NEO,TETANUS,0,JIWA
JAWA BARAT,3217,KABUPATEN BANDUNG BARAT,KEMATIAN POST-NEO,KELAINAN SARAF,0,JIWA
JAWA BARAT,3217,KABUPATEN BANDUNG BARAT,KEMATIAN POST-NEO,MALARIA,0,JIWA
JAWA BARAT,3217,KABUPATEN BANDUNG BARAT,KEMATIAN POST-NEO,LAIN-LAIN,2,JIWA
JAWA BARAT,3217,KABUPATEN BANDUNG BARAT,KEMATIAN BALITA,DIARE,0,JIWA
JAWA BARAT,3217,KABUPATEN BANDUNG BARAT,KEMATIAN BALITA,PNEUMONIA,0,JIWA
JAWA BARAT,3217,KABUPATEN BANDUNG BARAT,KEMATIAN BALITA,MALARIA,0,JIWA
JAWA BARAT,3217,KABUPATEN BANDUNG BARAT,KEMATIAN BALITA,CAMPAK,0,JIWA
JAWA BARAT,3217,KABUPATEN BANDUNG BARAT,KEMATIAN BALITA,DEMAM,1,JIWA
JAWA BARAT,3217,KABUPATEN BANDUNG BARAT,KEMATIAN BALITA,DIFTERI,0,JIWA
JAWA BARAT,3217,KABUPATEN BANDUNG BARAT,KEMATIAN BALITA,LAIN-LAIN,3,JIWA
JAWA BARAT,3216,KABUPATEN BEKASI,KEMATIAN IBU,PENDARAHAN,6,JIWA
JAWA BARAT,3216,KABUPATEN BEKASI,KEMATIAN IBU,HIPERTENSI,7,JIWA
JAWA BARAT,3216,KABUPATEN BEKASI,KEMATIAN IBU,INFEKSI,0,JIWA
JAWA BARAT,3216,KABUPATEN BEKASI,KEMATIAN IBU,GANGGUAN DARAH,5,JIWA
JAWA BARAT,3216,KABUPATEN BEKASI,KEMATIAN IBU,GANGGUAN METABOLIK,0,JIWA
JAWA BARAT,3216,KABUPATEN BEKASI,KEMATIAN IBU,LAIN-LAIN,10,JIWA
JAWA BARAT,3216,KABUPATEN BEKASI,LAHIR MATI,BBLR,8,JIWA
JAWA BARAT,3216,KABUPATEN BEKASI,LAHIR MATI,ASFIKSIA,15,JIWA
JAWA BARAT,3216,KABUPATEN BEKASI,LAHIR MATI,TETANUS,0,JIWA
JAWA BARAT,3216,KABUPATEN BEKASI,LAHIR MATI,SEPSIS,2,JIWA
JAWA BARAT,3216,KABUPATEN BEKASI,LAHIR MATI,KELAINAN,2,JIWA
JAWA BARAT,3216,KABUPATEN BEKASI,LAHIR MATI,LAIN-LAIN,14,JIWA
JAWA BARAT,3216,KABUPATEN BEKASI,KEMATIAN POST-NEO,PNEUMONIA,0,JIWA
JAWA BARAT,3216,KABUPATEN BEKASI,KEMATIAN POST-NEO,DIARE,0,JIWA
JAWA BARAT,3216,KABUPATEN BEKASI,KEMATIAN POST-NEO,SALURAN CERNA,0,JIWA
JAWA BARAT,3216,KABUPATEN BEKASI,KEMATIAN POST-NEO,TETANUS,0,JIWA
JAWA BARAT,3216,KABUPATEN BEKASI,KEMATIAN POST-NEO,KELAINAN SARAF,0,JIWA
JAWA BARAT,3216,KABUPATEN BEKASI,KEMATIAN POST-NEO,MALARIA,0,JIWA
JAWA BARAT,3216,KABUPATEN BEKASI,KEMATIAN POST-NEO,LAIN-LAIN,0,JIWA
JAWA BARAT,3216,KABUPATEN BEKASI,KEMATIAN BALITA,DIARE,0,JIWA
JAWA BARAT,3216,KABUPATEN BEKASI,KEMATIAN BALITA,PNEUMONIA,0,JIWA
JAWA BARAT,3216,KABUPATEN BEKASI,KEMATIAN BALITA,MALARIA,0,JIWA
JAWA BARAT,3216,KABUPATEN BEKASI,KEMATIAN BALITA,CAMPAK,0,JIWA
JAWA BARAT,3216,KABUPATEN BEKASI,KEMATIAN BALITA,DEMAM,0,JIWA
JAWA BARAT,3216,KABUPATEN BEKASI,KEMATIAN BALITA,DIFTERI,0,JIWA
JAWA BARAT,3216,KABUPATEN BEKASI,KEMATIAN BALITA,LAIN-LAIN,2,JIWA
JAWA BARAT,3201,KABUPATEN BOGOR,KEMATIAN IBU,PENDARAHAN,21,JIWA
JAWA BARAT,3201,KABUPATEN BOGOR,KEMATIAN IBU,HIPERTENSI,18,JIWA
JAWA BARAT,3201,KABUPATEN BOGOR,KEMATIAN IBU,INFEKSI,5,JIWA
JAWA BARAT,3201,KABUPATEN BOGOR,KEMATIAN IBU,GANGGUAN DARAH,4,JIWA
JAWA BARAT,3201,KABUPATEN BOGOR,KEMATIAN IBU,GANGGUAN METABOLIK,0,JIWA
JAWA BARAT,3201,KABUPATEN BOGOR,KEMATIAN IBU,LAIN-LAIN,7,JIWA
JAWA BARAT,3201,KABUPATEN BOGOR,LAHIR MATI,BBLR,37,JIWA
JAWA BARAT,3201,KABUPATEN BOGOR,LAHIR MATI,ASFIKSIA,17,JIWA
JAWA BARAT,3201,KABUPATEN BOGOR,LAHIR MATI,TETANUS,1,JIWA
JAWA BARAT,3201,KABUPATEN BOGOR,LAHIR MATI,SEPSIS,7,JIWA
JAWA BARAT,3201,KABUPATEN BOGOR,LAHIR MATI,KELAINAN,14,JIWA
JAWA BARAT,3201,KABUPATEN BOGOR,LAHIR MATI,LAIN-LAIN,18,JIWA
JAWA BARAT,3201,KABUPATEN BOGOR,KEMATIAN POST-NEO,PNEUMONIA,5,JIWA
JAWA BARAT,3201,KABUPATEN BOGOR,KEMATIAN POST-NEO,DIARE,5,JIWA
JAWA BARAT,3201,KABUPATEN BOGOR,KEMATIAN POST-NEO,SALURAN CERNA,1,JIWA
JAWA BARAT,3201,KABUPATEN BOGOR,KEMATIAN POST-NEO,TETANUS,0,JIWA
JAWA BARAT,3201,KABUPATEN BOGOR,KEMATIAN POST-NEO,KELAINAN SARAF,0,JIWA
JAWA BARAT,3201,KABUPATEN BOGOR,KEMATIAN POST-NEO,MALARIA,0,JIWA
JAWA BARAT,3201,KABUPATEN BOGOR,KEMATIAN POST-NEO,LAIN-LAIN,8,JIWA
JAWA BARAT,3201,KABUPATEN BOGOR,KEMATIAN BALITA,DIARE,0,JIWA
JAWA BARAT,3201,KABUPATEN BOGOR,KEMATIAN BALITA,PNEUMONIA,0,JIWA
JAWA BARAT,3201,KABUPATEN BOGOR,KEMATIAN BALITA,MALARIA,0,JIWA
JAWA BARAT,3201,KABUPATEN BOGOR,KEMATIAN BALITA,CAMPAK,0,JIWA
JAWA BARAT,3201,KABUPATEN BOGOR,KEMATIAN BALITA,DEMAM,1,JIWA
JAWA BARAT,3201,KABUPATEN BOGOR,KEMATIAN BALITA,DIFTERI,0,JIWA
JAWA BARAT,3201,KABUPATEN BOGOR,KEMATIAN BALITA,LAIN-LAIN,0,JIWA
JAWA BARAT,3207,KABUPATEN CIAMIS,KEMATIAN IBU,PENDARAHAN,1,JIWA
JAWA BARAT,3207,KABUPATEN CIAMIS,KEMATIAN IBU,HIPERTENSI,3,JIWA
JAWA BARAT,3207,KABUPATEN CIAMIS,KEMATIAN IBU,INFEKSI,0,JIWA
JAWA BARAT,3207,KABUPATEN CIAMIS,KEMATIAN IBU,GANGGUAN DARAH,7,JIWA
JAWA BARAT,3207,KABUPATEN CIAMIS,KEMATIAN IBU,GANGGUAN METABOLIK,0,JIWA
JAWA BARAT,3207,KABUPATEN CIAMIS,KEMATIAN IBU,LAIN-LAIN,4,JIWA
JAWA BARAT,3207,KABUPATEN CIAMIS,LAHIR MATI,BBLR,27,JIWA
JAWA BARAT,3207,KABUPATEN CIAMIS,LAHIR MATI,ASFIKSIA,16,JIWA
JAWA BARAT,3207,KABUPATEN CIAMIS,LAHIR MATI,TETANUS,1,JIWA
JAWA BARAT,3207,KABUPATEN CIAMIS,LAHIR MATI,SEPSIS,1,JIWA
JAWA BARAT,3207,KABUPATEN CIAMIS,LAHIR MATI,KELAINAN,14,JIWA
JAWA BARAT,3207,KABUPATEN CIAMIS,LAHIR MATI,LAIN-LAIN,23,JIWA
JAWA BARAT,3207,KABUPATEN CIAMIS,KEMATIAN POST-NEO,PNEUMONIA,6,JIWA
JAWA BARAT,3207,KABUPATEN CIAMIS,KEMATIAN POST-NEO,DIARE,3,JIWA
JAWA BARAT,3207,KABUPATEN CIAMIS,KEMATIAN POST-NEO,SALURAN CERNA,1,JIWA
JAWA BARAT,3207,KABUPATEN CIAMIS,KEMATIAN POST-NEO,TETANUS,0,JIWA
JAWA BARAT,3207,KABUPATEN CIAMIS,KEMATIAN POST-NEO,KELAINAN SARAF,0,JIWA
JAWA BARAT,3207,KABUPATEN CIAMIS,KEMATIAN POST-NEO,MALARIA,0,JIWA
JAWA BARAT,3207,KABUPATEN CIAMIS,KEMATIAN POST-NEO,LAIN-LAIN,18,JIWA
JAWA BARAT,3207,KABUPATEN CIAMIS,KEMATIAN BALITA,DIARE,1,JIWA
JAWA BARAT,3207,KABUPATEN CIAMIS,KEMATIAN BALITA,PNEUMONIA,1,JIWA
JAWA BARAT,3207,KABUPATEN CIAMIS,KEMATIAN BALITA,MALARIA,0,JIWA
JAWA BARAT,3207,KABUPATEN CIAMIS,KEMATIAN BALITA,CAMPAK,0,JIWA
JAWA BARAT,3207,KABUPATEN CIAMIS,KEMATIAN BALITA,DEMAM,0,JIWA
JAWA BARAT,3207,KABUPATEN CIAMIS,KEMATIAN BALITA,DIFTERI,0,JIWA
JAWA BARAT,3207,KABUPATEN CIAMIS,KEMATIAN BALITA,LAIN-LAIN,11,JIWA
JAWA BARAT,3203,KABUPATEN CIANJUR,KEMATIAN IBU,PENDARAHAN,11,JIWA
JAWA BARAT,3203,KABUPATEN CIANJUR,KEMATIAN IBU,HIPERTENSI,7,JIWA
JAWA BARAT,3203,KABUPATEN CIANJUR,KEMATIAN IBU,INFEKSI,1,JIWA
JAWA BARAT,3203,KABUPATEN CIANJUR,KEMATIAN IBU,GANGGUAN DARAH,5,JIWA
JAWA BARAT,3203,KABUPATEN CIANJUR,KEMATIAN IBU,GANGGUAN METABOLIK,0,JIWA
JAWA BARAT,3203,KABUPATEN CIANJUR,KEMATIAN IBU,LAIN-LAIN,0,JIWA
JAWA BARAT,3203,KABUPATEN CIANJUR,LAHIR MATI,BBLR,21,JIWA
JAWA BARAT,3203,KABUPATEN CIANJUR,LAHIR MATI,ASFIKSIA,34,JIWA
JAWA BARAT,3203,KABUPATEN CIANJUR,LAHIR MATI,TETANUS,0,JIWA
JAWA BARAT,3203,KABUPATEN CIANJUR,LAHIR MATI,SEPSIS,2,JIWA
JAWA BARAT,3203,KABUPATEN CIANJUR,LAHIR MATI,KELAINAN,6,JIWA
JAWA BARAT,3203,KABUPATEN CIANJUR,LAHIR MATI,LAIN-LAIN,7,JIWA
JAWA BARAT,3203,KABUPATEN CIANJUR,KEMATIAN POST-NEO,PNEUMONIA,3,JIWA
JAWA BARAT,3203,KABUPATEN CIANJUR,KEMATIAN POST-NEO,DIARE,1,JIWA
JAWA BARAT,3203,KABUPATEN CIANJUR,KEMATIAN POST-NEO,SALURAN CERNA,1,JIWA
JAWA BARAT,3203,KABUPATEN CIANJUR,KEMATIAN POST-NEO,TETANUS,1,JIWA
JAWA BARAT,3203,KABUPATEN CIANJUR,KEMATIAN POST-NEO,KELAINAN SARAF,0,JIWA
JAWA BARAT,3203,KABUPATEN CIANJUR,KEMATIAN POST-NEO,MALARIA,0,JIWA
JAWA BARAT,3203,KABUPATEN CIANJUR,KEMATIAN POST-NEO,LAIN-LAIN,3,JIWA
JAWA BARAT,3203,KABUPATEN CIANJUR,KEMATIAN BALITA,DIARE,1,JIWA
JAWA BARAT,3203,KABUPATEN CIANJUR,KEMATIAN BALITA,PNEUMONIA,2,JIWA
JAWA BARAT,3203,KABUPATEN CIANJUR,KEMATIAN BALITA,MALARIA,0,JIWA
JAWA BARAT,3203,KABUPATEN CIANJUR,KEMATIAN BALITA,CAMPAK,0,JIWA
JAWA BARAT,3203,KABUPATEN CIANJUR,KEMATIAN BALITA,DEMAM,1,JIWA
JAWA BARAT,3203,KABUPATEN CIANJUR,KEMATIAN BALITA,DIFTERI,0,JIWA
JAWA BARAT,3203,KABUPATEN CIANJUR,KEMATIAN BALITA,LAIN-LAIN,5,JIWA
JAWA BARAT,3209,KABUPATEN CIREBON,KEMATIAN IBU,PENDARAHAN,7,JIWA
JAWA BARAT,3209,KABUPATEN CIREBON,KEMATIAN IBU,HIPERTENSI,14,JIWA
JAWA BARAT,3209,KABUPATEN CIREBON,KEMATIAN IBU,INFEKSI,1,JIWA
JAWA BARAT,3209,KABUPATEN CIREBON,KEMATIAN IBU,GANGGUAN DARAH,5,JIWA
JAWA BARAT,3209,KABUPATEN CIREBON,KEMATIAN IBU,GANGGUAN METABOLIK,1,JIWA
JAWA BARAT,3209,KABUPATEN CIREBON,KEMATIAN IBU,LAIN-LAIN,7,JIWA
JAWA BARAT,3209,KABUPATEN CIREBON,LAHIR MATI,BBLR,51,JIWA
JAWA BARAT,3209,KABUPATEN CIREBON,LAHIR MATI,ASFIKSIA,57,JIWA
JAWA BARAT,3209,KABUPATEN CIREBON,LAHIR MATI,TETANUS,0,JIWA
JAWA BARAT,3209,KABUPATEN CIREBON,LAHIR MATI,SEPSIS,1,JIWA
JAWA BARAT,3209,KABUPATEN CIREBON,LAHIR MATI,KELAINAN,10,JIWA
JAWA BARAT,3209,KABUPATEN CIREBON,LAHIR MATI,LAIN-LAIN,15,JIWA
JAWA BARAT,3209,KABUPATEN CIREBON,KEMATIAN POST-NEO,PNEUMONIA,1,JIWA
JAWA BARAT,3209,KABUPATEN CIREBON,KEMATIAN POST-NEO,DIARE,2,JIWA
JAWA BARAT,3209,KABUPATEN CIREBON,KEMATIAN POST-NEO,SALURAN CERNA,0,JIWA
JAWA BARAT,3209,KABUPATEN CIREBON,KEMATIAN POST-NEO,TETANUS,0,JIWA
JAWA BARAT,3209,KABUPATEN CIREBON,KEMATIAN POST-NEO,KELAINAN SARAF,0,JIWA
JAWA BARAT,3209,KABUPATEN CIREBON,KEMATIAN POST-NEO,MALARIA,0,JIWA
JAWA BARAT,3209,KABUPATEN CIREBON,KEMATIAN POST-NEO,LAIN-LAIN,5,JIWA
JAWA BARAT,3209,KABUPATEN CIREBON,KEMATIAN BALITA,DIARE,0,JIWA
JAWA BARAT,3209,KABUPATEN CIREBON,KEMATIAN BALITA,PNEUMONIA,0,JIWA
JAWA BARAT,3209,KABUPATEN CIREBON,KEMATIAN BALITA,MALARIA,0,JIWA
JAWA BARAT,3209,KABUPATEN CIREBON,KEMATIAN BALITA,CAMPAK,0,JIWA
JAWA BARAT,3209,KABUPATEN CIREBON,KEMATIAN BALITA,DEMAM,0,JIWA
JAWA BARAT,3209,KABUPATEN CIREBON,KEMATIAN BALITA,DIFTERI,0,JIWA
JAWA BARAT,3209,KABUPATEN CIREBON,KEMATIAN BALITA,LAIN-LAIN,12,JIWA
JAWA BARAT,3205,KABUPATEN GARUT,KEMATIAN IBU,PENDARAHAN,25,JIWA
JAWA BARAT,3205,KABUPATEN GARUT,KEMATIAN IBU,HIPERTENSI,11,JIWA
JAWA BARAT,3205,KABUPATEN GARUT,KEMATIAN IBU,INFEKSI,1,JIWA
JAWA BARAT,3205,KABUPATEN GARUT,KEMATIAN IBU,GANGGUAN DARAH,13,JIWA
JAWA BARAT,3205,KABUPATEN GARUT,KEMATIAN IBU,GANGGUAN METABOLIK,0,JIWA
JAWA BARAT,3205,KABUPATEN GARUT,KEMATIAN IBU,LAIN-LAIN,5,JIWA
JAWA BARAT,3205,KABUPATEN GARUT,LAHIR MATI,BBLR,98,JIWA
JAWA BARAT,3205,KABUPATEN GARUT,LAHIR MATI,ASFIKSIA,68,JIWA
JAWA BARAT,3205,KABUPATEN GARUT,LAHIR MATI,TETANUS,2,JIWA
JAWA BARAT,3205,KABUPATEN GARUT,LAHIR MATI,SEPSIS,3,JIWA
JAWA BARAT,3205,KABUPATEN GARUT,LAHIR MATI,KELAINAN,35,JIWA
JAWA BARAT,3205,KABUPATEN GARUT,LAHIR MATI,LAIN-LAIN,49,JIWA
JAWA BARAT,3205,KABUPATEN GARUT,KEMATIAN POST-NEO,PNEUMONIA,2,JIWA
JAWA BARAT,3205,KABUPATEN GARUT,KEMATIAN POST-NEO,DIARE,3,JIWA
JAWA BARAT,3205,KABUPATEN GARUT,KEMATIAN POST-NEO,SALURAN CERNA,1,JIWA
JAWA BARAT,3205,KABUPATEN GARUT,KEMATIAN POST-NEO,TETANUS,0,JIWA
JAWA BARAT,3205,KABUPATEN GARUT,KEMATIAN POST-NEO,KELAINAN SARAF,1,JIWA
JAWA BARAT,3205,KABUPATEN GARUT,KEMATIAN POST-NEO,MALARIA,0,JIWA
JAWA BARAT,3205,KABUPATEN GARUT,KEMATIAN POST-NEO,LAIN-LAIN,10,JIWA
JAWA BARAT,3205,KABUPATEN GARUT,KEMATIAN BALITA,DIARE,0,JIWA
JAWA BARAT,3205,KABUPATEN GARUT,KEMATIAN BALITA,PNEUMONIA,1,JIWA
JAWA BARAT,3205,KABUPATEN GARUT,KEMATIAN BALITA,MALARIA,0,JIWA
JAWA BARAT,3205,KABUPATEN GARUT,KEMATIAN BALITA,CAMPAK,0,JIWA
JAWA BARAT,3205,KABUPATEN GARUT,KEMATIAN BALITA,DEMAM,0,JIWA
JAWA BARAT,3205,KABUPATEN GARUT,KEMATIAN BALITA,DIFTERI,0,JIWA
JAWA BARAT,3205,KABUPATEN GARUT,KEMATIAN BALITA,LAIN-LAIN,1,JIWA
JAWA BARAT,3212,KABUPATEN INDRAMAYU,KEMATIAN IBU,PENDARAHAN,10,JIWA
JAWA BARAT,3212,KABUPATEN INDRAMAYU,KEMATIAN IBU,HIPERTENSI,20,JIWA
JAWA BARAT,3212,KABUPATEN INDRAMAYU,KEMATIAN IBU,INFEKSI,8,JIWA
JAWA BARAT,3212,KABUPATEN INDRAMAYU,KEMATIAN IBU,GANGGUAN DARAH,9,JIWA
JAWA BARAT,3212,KABUPATEN INDRAMAYU,KEMATIAN IBU,GANGGUAN METABOLIK,2,JIWA
JAWA BARAT,3212,KABUPATEN INDRAMAYU,KEMATIAN IBU,LAIN-LAIN,12,JIWA
JAWA BARAT,3212,KABUPATEN INDRAMAYU,LAHIR MATI,BBLR,98,JIWA
JAWA BARAT,3212,KABUPATEN INDRAMAYU,LAHIR MATI,ASFIKSIA,55,JIWA
JAWA BARAT,3212,KABUPATEN INDRAMAYU,LAHIR MATI,TETANUS,0,JIWA
JAWA BARAT,3212,KABUPATEN INDRAMAYU,LAHIR MATI,SEPSIS,5,JIWA
JAWA BARAT,3212,KABUPATEN INDRAMAYU,LAHIR MATI,KELAINAN,24,JIWA
JAWA BARAT,3212,KABUPATEN INDRAMAYU,LAHIR MATI,LAIN-LAIN,37,JIWA
JAWA BARAT,3212,KABUPATEN INDRAMAYU,KEMATIAN POST-NEO,PNEUMONIA,2,JIWA
JAWA BARAT,3212,KABUPATEN INDRAMAYU,KEMATIAN POST-NEO,DIARE,3,JIWA
JAWA BARAT,3212,KABUPATEN INDRAMAYU,KEMATIAN POST-NEO,SALURAN CERNA,1,JIWA
JAWA BARAT,3212,KABUPATEN INDRAMAYU,KEMATIAN POST-NEO,TETANUS,0,JIWA
JAWA BARAT,3212,KABUPATEN INDRAMAYU,KEMATIAN POST-NEO,KELAINAN SARAF,0,JIWA
JAWA BARAT,3212,KABUPATEN INDRAMAYU,KEMATIAN POST-NEO,MALARIA,0,JIWA
JAWA BARAT,3212,KABUPATEN INDRAMAYU,KEMATIAN POST-NEO,LAIN-LAIN,17,JIWA
JAWA BARAT,3212,KABUPATEN INDRAMAYU,KEMATIAN BALITA,DIARE,1,JIWA
JAWA BARAT,3212,KABUPATEN INDRAMAYU,KEMATIAN BALITA,PNEUMONIA,1,JIWA
JAWA BARAT,3212,KABUPATEN INDRAMAYU,KEMATIAN BALITA,MALARIA,0,JIWA
JAWA BARAT,3212,KABUPATEN INDRAMAYU,KEMATIAN BALITA,CAMPAK,0,JIWA
JAWA BARAT,3212,KABUPATEN INDRAMAYU,KEMATIAN BALITA,DEMAM,0,JIWA
JAWA BARAT,3212,KABUPATEN INDRAMAYU,KEMATIAN BALITA,DIFTERI,0,JIWA
JAWA BARAT,3212,KABUPATEN INDRAMAYU,KEMATIAN BALITA,LAIN-LAIN,11,JIWA
JAWA BARAT,3215,KABUPATEN KARAWANG,KEMATIAN IBU,PENDARAHAN,11,JIWA
JAWA BARAT,3215,KABUPATEN KARAWANG,KEMATIAN IBU,HIPERTENSI,13,JIWA
JAWA BARAT,3215,KABUPATEN KARAWANG,KEMATIAN IBU,INFEKSI,5,JIWA
JAWA BARAT,3215,KABUPATEN KARAWANG,KEMATIAN IBU,GANGGUAN DARAH,7,JIWA
JAWA BARAT,3215,KABUPATEN KARAWANG,KEMATIAN IBU,GANGGUAN METABOLIK,0,JIWA
JAWA BARAT,3215,KABUPATEN KARAWANG,KEMATIAN IBU,LAIN-LAIN,7,JIWA
JAWA BARAT,3215,KABUPATEN KARAWANG,LAHIR MATI,BBLR,74,JIWA
JAWA BARAT,3215,KABUPATEN KARAWANG,LAHIR MATI,ASFIKSIA,25,JIWA
JAWA BARAT,3215,KABUPATEN KARAWANG,LAHIR MATI,TETANUS,0,JIWA
JAWA BARAT,3215,KABUPATEN KARAWANG,LAHIR MATI,SEPSIS,4,JIWA
JAWA BARAT,3215,KABUPATEN KARAWANG,LAHIR MATI,KELAINAN,22,JIWA
JAWA BARAT,3215,KABUPATEN KARAWANG,LAHIR MATI,LAIN-LAIN,15,JIWA
JAWA BARAT,3215,KABUPATEN KARAWANG,KEMATIAN POST-NEO,PNEUMONIA,2,JIWA
JAWA BARAT,3215,KABUPATEN KARAWANG,KEMATIAN POST-NEO,DIARE,3,JIWA
JAWA BARAT,3215,KABUPATEN KARAWANG,KEMATIAN POST-NEO,SALURAN CERNA,0,JIWA
JAWA BARAT,3215,KABUPATEN KARAWANG,KEMATIAN POST-NEO,TETANUS,0,JIWA
JAWA BARAT,3215,KABUPATEN KARAWANG,KEMATIAN POST-NEO,KELAINAN SARAF,0,JIWA
JAWA BARAT,3215,KABUPATEN KARAWANG,KEMATIAN POST-NEO,MALARIA,0,JIWA
JAWA BARAT,3215,KABUPATEN KARAWANG,KEMATIAN POST-NEO,LAIN-LAIN,17,JIWA
JAWA BARAT,3215,KABUPATEN KARAWANG,KEMATIAN BALITA,DIARE,1,JIWA
JAWA BARAT,3215,KABUPATEN KARAWANG,KEMATIAN BALITA,PNEUMONIA,0,JIWA
JAWA BARAT,3215,KABUPATEN KARAWANG,KEMATIAN BALITA,MALARIA,0,JIWA
JAWA BARAT,3215,KABUPATEN KARAWANG,KEMATIAN BALITA,CAMPAK,0,JIWA
JAWA BARAT,3215,KABUPATEN KARAWANG,KEMATIAN BALITA,DEMAM,0,JIWA
JAWA BARAT,3215,KABUPATEN KARAWANG,KEMATIAN BALITA,DIFTERI,0,JIWA
JAWA BARAT,3215,KABUPATEN KARAWANG,KEMATIAN BALITA,LAIN-LAIN,8,JIWA
JAWA BARAT,3208,KABUPATEN KUNINGAN,KEMATIAN IBU,PENDARAHAN,5,JIWA
JAWA BARAT,3208,KABUPATEN KUNINGAN,KEMATIAN IBU,HIPERTENSI,3,JIWA
JAWA BARAT,3208,KABUPATEN KUNINGAN,KEMATIAN IBU,INFEKSI,1,JIWA
JAWA BARAT,3208,KABUPATEN KUNINGAN,KEMATIAN IBU,GANGGUAN DARAH,3,JIWA
JAWA BARAT,3208,KABUPATEN KUNINGAN,KEMATIAN IBU,GANGGUAN METABOLIK,0,JIWA
JAWA BARAT,3208,KABUPATEN KUNINGAN,KEMATIAN IBU,LAIN-LAIN,10,JIWA
JAWA BARAT,3208,KABUPATEN KUNINGAN,LAHIR MATI,BBLR,26,JIWA
JAWA BARAT,3208,KABUPATEN KUNINGAN,LAHIR MATI,ASFIKSIA,20,JIWA
JAWA BARAT,3208,KABUPATEN KUNINGAN,LAHIR MATI,TETANUS,0,JIWA
JAWA BARAT,3208,KABUPATEN KUNINGAN,LAHIR MATI,SEPSIS,2,JIWA
JAWA BARAT,3208,KABUPATEN KUNINGAN,LAHIR MATI,KELAINAN,10,JIWA
JAWA BARAT,3208,KABUPATEN KUNINGAN,LAHIR MATI,LAIN-LAIN,9,JIWA
JAWA BARAT,3208,KABUPATEN KUNINGAN,KEMATIAN POST-NEO,PNEUMONIA,1,JIWA
JAWA BARAT,3208,KABUPATEN KUNINGAN,KEMATIAN POST-NEO,DIARE,0,JIWA
JAWA BARAT,3208,KABUPATEN KUNINGAN,KEMATIAN POST-NEO,SALURAN CERNA,1,JIWA
JAWA BARAT,3208,KABUPATEN KUNINGAN,KEMATIAN POST-NEO,TETANUS,0,JIWA
JAWA BARAT,3208,KABUPATEN KUNINGAN,KEMATIAN POST-NEO,KELAINAN SARAF,0,JIWA
JAWA BARAT,3208,KABUPATEN KUNINGAN,KEMATIAN POST-NEO,MALARIA,0,JIWA
JAWA BARAT,3208,KABUPATEN KUNINGAN,KEMATIAN POST-NEO,LAIN-LAIN,9,JIWA
JAWA BARAT,3208,KABUPATEN KUNINGAN,KEMATIAN BALITA,DIARE,0,JIWA
JAWA BARAT,3208,KABUPATEN KUNINGAN,KEMATIAN BALITA,PNEUMONIA,0,JIWA
JAWA BARAT,3208,KABUPATEN KUNINGAN,KEMATIAN BALITA,MALARIA,0,JIWA
JAWA BARAT,3208,KABUPATEN KUNINGAN,KEMATIAN BALITA,CAMPAK,0,JIWA
JAWA BARAT,3208,KABUPATEN KUNINGAN,KEMATIAN BALITA,DEMAM,0,JIWA
JAWA BARAT,3208,KABUPATEN KUNINGAN,KEMATIAN BALITA,DIFTERI,0,JIWA
JAWA BARAT,3208,KABUPATEN KUNINGAN,KEMATIAN BALITA,LAIN-LAIN,2,JIWA
JAWA BARAT,3210,KABUPATEN MAJALENGKA,KEMATIAN IBU,PENDARAHAN,6,JIWA
JAWA BARAT,3210,KABUPATEN MAJALENGKA,KEMATIAN IBU,HIPERTENSI,8,JIWA
JAWA BARAT,3210,KABUPATEN MAJALENGKA,KEMATIAN IBU,INFEKSI,0,JIWA
JAWA BARAT,3210,KABUPATEN MAJALENGKA,KEMATIAN IBU,GANGGUAN DARAH,1,JIWA
JAWA BARAT,3210,KABUPATEN MAJALENGKA,KEMATIAN IBU,GANGGUAN METABOLIK,0,JIWA
JAWA BARAT,3210,KABUPATEN MAJALENGKA,KEMATIAN IBU,LAIN-LAIN,1,JIWA
JAWA BARAT,3210,KABUPATEN MAJALENGKA,LAHIR MATI,BBLR,29,JIWA
JAWA BARAT,3210,KABUPATEN MAJALENGKA,LAHIR MATI,ASFIKSIA,18,JIWA
JAWA BARAT,3210,KABUPATEN MAJALENGKA,LAHIR MATI,TETANUS,0,JIWA
JAWA BARAT,3210,KABUPATEN MAJALENGKA,LAHIR MATI,SEPSIS,1,JIWA
JAWA BARAT,3210,KABUPATEN MAJALENGKA,LAHIR MATI,KELAINAN,10,JIWA
JAWA BARAT,3210,KABUPATEN MAJALENGKA,LAHIR MATI,LAIN-LAIN,10,JIWA
JAWA BARAT,3210,KABUPATEN MAJALENGKA,KEMATIAN POST-NEO,PNEUMONIA,4,JIWA
JAWA BARAT,3210,KABUPATEN MAJALENGKA,KEMATIAN POST-NEO,DIARE,1,JIWA
JAWA BARAT,3210,KABUPATEN MAJALENGKA,KEMATIAN POST-NEO,SALURAN CERNA,0,JIWA
JAWA BARAT,3210,KABUPATEN MAJALENGKA,KEMATIAN POST-NEO,TETANUS,0,JIWA
JAWA BARAT,3210,KABUPATEN MAJALENGKA,KEMATIAN POST-NEO,KELAINAN SARAF,0,JIWA
JAWA BARAT,3210,KABUPATEN MAJALENGKA,KEMATIAN POST-NEO,MALARIA,0,JIWA
JAWA BARAT,3210,KABUPATEN MAJALENGKA,KEMATIAN POST-NEO,LAIN-LAIN,10,JIWA
JAWA BARAT,3210,KABUPATEN MAJALENGKA,KEMATIAN BALITA,DIARE,4,JIWA
JAWA BARAT,3210,KABUPATEN MAJALENGKA,KEMATIAN BALITA,PNEUMONIA,1,JIWA
JAWA BARAT,3210,KABUPATEN MAJALENGKA,KEMATIAN BALITA,MALARIA,0,JIWA
JAWA BARAT,3210,KABUPATEN MAJALENGKA,KEMATIAN BALITA,CAMPAK,0,JIWA
JAWA BARAT,3210,KABUPATEN MAJALENGKA,KEMATIAN BALITA,DEMAM,1,JIWA
JAWA BARAT,3210,KABUPATEN MAJALENGKA,KEMATIAN BALITA,DIFTERI,0,JIWA
JAWA BARAT,3210,KABUPATEN MAJALENGKA,KEMATIAN BALITA,LAIN-LAIN,2,JIWA
JAWA BARAT,3218,KABUPATEN PANGANDARAN,KEMATIAN IBU,PENDARAHAN,2,JIWA
JAWA BARAT,3218,KABUPATEN PANGANDARAN,KEMATIAN IBU,HIPERTENSI,0,JIWA
JAWA BARAT,3218,KABUPATEN PANGANDARAN,KEMATIAN IBU,INFEKSI,0,JIWA
JAWA BARAT,3218,KABUPATEN PANGANDARAN,KEMATIAN IBU,GANGGUAN DARAH,1,JIWA
JAWA BARAT,3218,KABUPATEN PANGANDARAN,KEMATIAN IBU,GANGGUAN METABOLIK,0,JIWA
JAWA BARAT,3218,KABUPATEN PANGANDARAN,KEMATIAN IBU,LAIN-LAIN,0,JIWA
JAWA BARAT,3218,KABUPATEN PANGANDARAN,LAHIR MATI,BBLR,13,JIWA
JAWA BARAT,3218,KABUPATEN PANGANDARAN,LAHIR MATI,ASFIKSIA,9,JIWA
JAWA BARAT,3218,KABUPATEN PANGANDARAN,LAHIR MATI,TETANUS,0,JIWA
JAWA BARAT,3218,KABUPATEN PANGANDARAN,LAHIR MATI,SEPSIS,0,JIWA
JAWA BARAT,3218,KABUPATEN PANGANDARAN,LAHIR MATI,KELAINAN,2,JIWA
JAWA BARAT,3218,KABUPATEN PANGANDARAN,LAHIR MATI,LAIN-LAIN,2,JIWA
JAWA BARAT,3218,KABUPATEN PANGANDARAN,KEMATIAN POST-NEO,PNEUMONIA,1,JIWA
JAWA BARAT,3218,KABUPATEN PANGANDARAN,KEMATIAN POST-NEO,DIARE,0,JIWA
JAWA BARAT,3218,KABUPATEN PANGANDARAN,KEMATIAN POST-NEO,SALURAN CERNA,0,JIWA
JAWA BARAT,3218,KABUPATEN PANGANDARAN,KEMATIAN POST-NEO,TETANUS,0,JIWA
JAWA BARAT,3218,KABUPATEN PANGANDARAN,KEMATIAN POST-NEO,KELAINAN SARAF,0,JIWA
JAWA BARAT,3218,KABUPATEN PANGANDARAN,KEMATIAN POST-NEO,MALARIA,0,JIWA
JAWA BARAT,3218,KABUPATEN PANGANDARAN,KEMATIAN POST-NEO,LAIN-LAIN,6,JIWA
JAWA BARAT,3218,KABUPATEN PANGANDARAN,KEMATIAN BALITA,DIARE,0,JIWA
JAWA BARAT,3218,KABUPATEN PANGANDARAN,KEMATIAN BALITA,PNEUMONIA,1,JIWA
JAWA BARAT,3218,KABUPATEN PANGANDARAN,KEMATIAN BALITA,MALARIA,0,JIWA
JAWA BARAT,3218,KABUPATEN PANGANDARAN,KEMATIAN BALITA,CAMPAK,0,JIWA
JAWA BARAT,3218,KABUPATEN PANGANDARAN,KEMATIAN BALITA,DEMAM,1,JIWA
JAWA BARAT,3218,KABUPATEN PANGANDARAN,KEMATIAN BALITA,DIFTERI,0,JIWA
JAWA BARAT,3218,KABUPATEN PANGANDARAN,KEMATIAN BALITA,LAIN-LAIN,5,JIWA
JAWA BARAT,3214,KABUPATEN PURWAKARTA,KEMATIAN IBU,PENDARAHAN,7,JIWA
JAWA BARAT,3214,KABUPATEN PURWAKARTA,KEMATIAN IBU,HIPERTENSI,12,JIWA
JAWA BARAT,3214,KABUPATEN PURWAKARTA,KEMATIAN IBU,INFEKSI,2,JIWA
JAWA BARAT,3214,KABUPATEN PURWAKARTA,KEMATIAN IBU,GANGGUAN DARAH,3,JIWA
JAWA BARAT,3214,KABUPATEN PURWAKARTA,KEMATIAN IBU,GANGGUAN METABOLIK,3,JIWA
JAWA BARAT,3214,KABUPATEN PURWAKARTA,KEMATIAN IBU,LAIN-LAIN,5,JIWA
JAWA BARAT,3214,KABUPATEN PURWAKARTA,LAHIR MATI,BBLR,24,JIWA
JAWA BARAT,3214,KABUPATEN PURWAKARTA,LAHIR MATI,ASFIKSIA,13,JIWA
JAWA BARAT,3214,KABUPATEN PURWAKARTA,LAHIR MATI,TETANUS,0,JIWA
JAWA BARAT,3214,KABUPATEN PURWAKARTA,LAHIR MATI,SEPSIS,1,JIWA
JAWA BARAT,3214,KABUPATEN PURWAKARTA,LAHIR MATI,KELAINAN,2,JIWA
JAWA BARAT,3214,KABUPATEN PURWAKARTA,LAHIR MATI,LAIN-LAIN,7,JIWA
JAWA BARAT,3214,KABUPATEN PURWAKARTA,KEMATIAN POST-NEO,PNEUMONIA,2,JIWA
JAWA BARAT,3214,KABUPATEN PURWAKARTA,KEMATIAN POST-NEO,DIARE,2,JIWA
JAWA BARAT,3214,KABUPATEN PURWAKARTA,KEMATIAN POST-NEO,SALURAN CERNA,0,JIWA
JAWA BARAT,3214,KABUPATEN PURWAKARTA,KEMATIAN POST-NEO,TETANUS,0,JIWA
JAWA BARAT,3214,KABUPATEN PURWAKARTA,KEMATIAN POST-NEO,KELAINAN SARAF,3,JIWA
JAWA BARAT,3214,KABUPATEN PURWAKARTA,KEMATIAN POST-NEO,MALARIA,0,JIWA
JAWA BARAT,3214,KABUPATEN PURWAKARTA,KEMATIAN POST-NEO,LAIN-LAIN,3,JIWA
JAWA BARAT,3214,KABUPATEN PURWAKARTA,KEMATIAN BALITA,DIARE,2,JIWA
JAWA BARAT,3214,KABUPATEN PURWAKARTA,KEMATIAN BALITA,PNEUMONIA,0,JIWA
JAWA BARAT,3214,KABUPATEN PURWAKARTA,KEMATIAN BALITA,MALARIA,0,JIWA
JAWA BARAT,3214,KABUPATEN PURWAKARTA,KEMATIAN BALITA,CAMPAK,0,JIWA
JAWA BARAT,3214,KABUPATEN PURWAKARTA,KEMATIAN BALITA,DEMAM,0,JIWA
JAWA BARAT,3214,KABUPATEN PURWAKARTA,KEMATIAN BALITA,DIFTERI,0,JIWA
JAWA BARAT,3214,KABUPATEN PURWAKARTA,KEMATIAN BALITA,LAIN-LAIN,1,JIWA
JAWA BARAT,3213,KABUPATEN SUBANG,KEMATIAN IBU,PENDARAHAN,6,JIWA
JAWA BARAT,3213,KABUPATEN SUBANG,KEMATIAN IBU,HIPERTENSI,11,JIWA
JAWA BARAT,3213,KABUPATEN SUBANG,KEMATIAN IBU,INFEKSI,1,JIWA
JAWA BARAT,3213,KABUPATEN SUBANG,KEMATIAN IBU,GANGGUAN DARAH,0,JIWA
JAWA BARAT,3213,KABUPATEN SUBANG,KEMATIAN IBU,GANGGUAN METABOLIK,4,JIWA
JAWA BARAT,3213,KABUPATEN SUBANG,KEMATIAN IBU,LAIN-LAIN,3,JIWA
JAWA BARAT,3213,KABUPATEN SUBANG,LAHIR MATI,BBLR,35,JIWA
JAWA BARAT,3213,KABUPATEN SUBANG,LAHIR MATI,ASFIKSIA,40,JIWA
JAWA BARAT,3213,KABUPATEN SUBANG,LAHIR MATI,TETANUS,0,JIWA
JAWA BARAT,3213,KABUPATEN SUBANG,LAHIR MATI,SEPSIS,12,JIWA
JAWA BARAT,3213,KABUPATEN SUBANG,LAHIR MATI,KELAINAN,10,JIWA
JAWA BARAT,3213,KABUPATEN SUBANG,LAHIR MATI,LAIN-LAIN,7,JIWA
JAWA BARAT,3213,KABUPATEN SUBANG,KEMATIAN POST-NEO,PNEUMONIA,1,JIWA
JAWA BARAT,3213,KABUPATEN SUBANG,KEMATIAN POST-NEO,DIARE,0,JIWA
JAWA BARAT,3213,KABUPATEN SUBANG,KEMATIAN POST-NEO,SALURAN CERNA,0,JIWA
JAWA BARAT,3213,KABUPATEN SUBANG,KEMATIAN POST-NEO,TETANUS,0,JIWA
JAWA BARAT,3213,KABUPATEN SUBANG,KEMATIAN POST-NEO,KELAINAN SARAF,0,JIWA
JAWA BARAT,3213,KABUPATEN SUBANG,KEMATIAN POST-NEO,MALARIA,0,JIWA
JAWA BARAT,3213,KABUPATEN SUBANG,KEMATIAN POST-NEO,LAIN-LAIN,9,JIWA
JAWA BARAT,3213,KABUPATEN SUBANG,KEMATIAN BALITA,DIARE,0,JIWA
JAWA BARAT,3213,KABUPATEN SUBANG,KEMATIAN BALITA,PNEUMONIA,0,JIWA
JAWA BARAT,3213,KABUPATEN SUBANG,KEMATIAN BALITA,MALARIA,0,JIWA
JAWA BARAT,3213,KABUPATEN SUBANG,KEMATIAN BALITA,CAMPAK,0,JIWA
JAWA BARAT,3213,KABUPATEN SUBANG,KEMATIAN BALITA,DEMAM,0,JIWA
JAWA BARAT,3213,KABUPATEN SUBANG,KEMATIAN BALITA,DIFTERI,0,JIWA
JAWA BARAT,3213,KABUPATEN SUBANG,KEMATIAN BALITA,LAIN-LAIN,2,JIWA
JAWA BARAT,3202,KABUPATEN SUKABUMI,KEMATIAN IBU,PENDARAHAN,14,JIWA
JAWA BARAT,3202,KABUPATEN SUKABUMI,KEMATIAN IBU,HIPERTENSI,17,JIWA
JAWA BARAT,3202,KABUPATEN SUKABUMI,KEMATIAN IBU,INFEKSI,0,JIWA
JAWA BARAT,3202,KABUPATEN SUKABUMI,KEMATIAN IBU,GANGGUAN DARAH,4,JIWA
JAWA BARAT,3202,KABUPATEN SUKABUMI,KEMATIAN IBU,GANGGUAN METABOLIK,0,JIWA
JAWA BARAT,3202,KABUPATEN SUKABUMI,KEMATIAN IBU,LAIN-LAIN,9,JIWA
JAWA BARAT,3202,KABUPATEN SUKABUMI,LAHIR MATI,BBLR,76,JIWA
JAWA BARAT,3202,KABUPATEN SUKABUMI,LAHIR MATI,ASFIKSIA,64,JIWA
JAWA BARAT,3202,KABUPATEN SUKABUMI,LAHIR MATI,TETANUS,0,JIWA
JAWA BARAT,3202,KABUPATEN SUKABUMI,LAHIR MATI,SEPSIS,6,JIWA
JAWA BARAT,3202,KABUPATEN SUKABUMI,LAHIR MATI,KELAINAN,21,JIWA
JAWA BARAT,3202,KABUPATEN SUKABUMI,LAHIR MATI,LAIN-LAIN,49,JIWA
JAWA BARAT,3202,KABUPATEN SUKABUMI,KEMATIAN POST-NEO,PNEUMONIA,27,JIWA
JAWA BARAT,3202,KABUPATEN SUKABUMI,KEMATIAN POST-NEO,DIARE,12,JIWA
JAWA BARAT,3202,KABUPATEN SUKABUMI,KEMATIAN POST-NEO,SALURAN CERNA,3,JIWA
JAWA BARAT,3202,KABUPATEN SUKABUMI,KEMATIAN POST-NEO,TETANUS,0,JIWA
JAWA BARAT,3202,KABUPATEN SUKABUMI,KEMATIAN POST-NEO,KELAINAN SARAF,3,JIWA
JAWA BARAT,3202,KABUPATEN SUKABUMI,KEMATIAN POST-NEO,MALARIA,2,JIWA
JAWA BARAT,3202,KABUPATEN SUKABUMI,KEMATIAN POST-NEO,LAIN-LAIN,23,JIWA
JAWA BARAT,3202,KABUPATEN SUKABUMI,KEMATIAN BALITA,DIARE,10,JIWA
JAWA BARAT,3202,KABUPATEN SUKABUMI,KEMATIAN BALITA,PNEUMONIA,6,JIWA
JAWA BARAT,3202,KABUPATEN SUKABUMI,KEMATIAN BALITA,MALARIA,0,JIWA
JAWA BARAT,3202,KABUPATEN SUKABUMI,KEMATIAN BALITA,CAMPAK,0,JIWA
JAWA BARAT,3202,KABUPATEN SUKABUMI,KEMATIAN BALITA,DEMAM,2,JIWA
JAWA BARAT,3202,KABUPATEN SUKABUMI,KEMATIAN BALITA,DIFTERI,0,JIWA
JAWA BARAT,3202,KABUPATEN SUKABUMI,KEMATIAN BALITA,LAIN-LAIN,10,JIWA
JAWA BARAT,3211,KABUPATEN SUMEDANG,KEMATIAN IBU,PENDARAHAN,2,JIWA
JAWA BARAT,3211,KABUPATEN SUMEDANG,KEMATIAN IBU,HIPERTENSI,4,JIWA
JAWA BARAT,3211,KABUPATEN SUMEDANG,KEMATIAN IBU,INFEKSI,0,JIWA
JAWA BARAT,3211,KABUPATEN SUMEDANG,KEMATIAN IBU,GANGGUAN DARAH,7,JIWA
JAWA BARAT,3211,KABUPATEN SUMEDANG,KEMATIAN IBU,GANGGUAN METABOLIK,0,JIWA
JAWA BARAT,3211,KABUPATEN SUMEDANG,KEMATIAN IBU,LAIN-LAIN,3,JIWA
JAWA BARAT,3211,KABUPATEN SUMEDANG,LAHIR MATI,BBLR,45,JIWA
JAWA BARAT,3211,KABUPATEN SUMEDANG,LAHIR MATI,ASFIKSIA,28,JIWA
JAWA BARAT,3211,KABUPATEN SUMEDANG,LAHIR MATI,TETANUS,0,JIWA
JAWA BARAT,3211,KABUPATEN SUMEDANG,LAHIR MATI,SEPSIS,2,JIWA
JAWA BARAT,3211,KABUPATEN SUMEDANG,LAHIR MATI,KELAINAN,14,JIWA
JAWA BARAT,3211,KABUPATEN SUMEDANG,LAHIR MATI,LAIN-LAIN,24,JIWA
JAWA BARAT,3211,KABUPATEN SUMEDANG,KEMATIAN POST-NEO,PNEUMONIA,8,JIWA
JAWA BARAT,3211,KABUPATEN SUMEDANG,KEMATIAN POST-NEO,DIARE,0,JIWA
JAWA BARAT,3211,KABUPATEN SUMEDANG,KEMATIAN POST-NEO,SALURAN CERNA,1,JIWA
JAWA BARAT,3211,KABUPATEN SUMEDANG,KEMATIAN POST-NEO,TETANUS,0,JIWA
JAWA BARAT,3211,KABUPATEN SUMEDANG,KEMATIAN POST-NEO,KELAINAN SARAF,0,JIWA
JAWA BARAT,3211,KABUPATEN SUMEDANG,KEMATIAN POST-NEO,MALARIA,0,JIWA
JAWA BARAT,3211,KABUPATEN SUMEDANG,KEMATIAN POST-NEO,LAIN-LAIN,33,JIWA
JAWA BARAT,3211,KABUPATEN SUMEDANG,KEMATIAN BALITA,DIARE,0,JIWA
JAWA BARAT,3211,KABUPATEN SUMEDANG,KEMATIAN BALITA,PNEUMONIA,0,JIWA
JAWA BARAT,3211,KABUPATEN SUMEDANG,KEMATIAN BALITA,MALARIA,0,JIWA
JAWA BARAT,3211,KABUPATEN SUMEDANG,KEMATIAN BALITA,CAMPAK,0,JIWA
JAWA BARAT,3211,KABUPATEN SUMEDANG,KEMATIAN BALITA,DEMAM,0,JIWA
JAWA BARAT,3211,KABUPATEN SUMEDANG,KEMATIAN BALITA,DIFTERI,0,JIWA
JAWA BARAT,3211,KABUPATEN SUMEDANG,KEMATIAN BALITA,LAIN-LAIN,17,JIWA
JAWA BARAT,3206,KABUPATEN TASIKMALAYA,KEMATIAN IBU,PENDARAHAN,7,JIWA
JAWA BARAT,3206,KABUPATEN TASIKMALAYA,KEMATIAN IBU,HIPERTENSI,8,JIWA
JAWA BARAT,3206,KABUPATEN TASIKMALAYA,KEMATIAN IBU,INFEKSI,0,JIWA
JAWA BARAT,3206,KABUPATEN TASIKMALAYA,KEMATIAN IBU,GANGGUAN DARAH,3,JIWA
JAWA BARAT,3206,KABUPATEN TASIKMALAYA,KEMATIAN IBU,GANGGUAN METABOLIK,0,JIWA
JAWA BARAT,3206,KABUPATEN TASIKMALAYA,KEMATIAN IBU,LAIN-LAIN,10,JIWA
JAWA BARAT,3206,KABUPATEN TASIKMALAYA,LAHIR MATI,BBLR,104,JIWA
JAWA BARAT,3206,KABUPATEN TASIKMALAYA,LAHIR MATI,ASFIKSIA,47,JIWA
JAWA BARAT,3206,KABUPATEN TASIKMALAYA,LAHIR MATI,TETANUS,0,JIWA
JAWA BARAT,3206,KABUPATEN TASIKMALAYA,LAHIR MATI,SEPSIS,6,JIWA
JAWA BARAT,3206,KABUPATEN TASIKMALAYA,LAHIR MATI,KELAINAN,22,JIWA
JAWA BARAT,3206,KABUPATEN TASIKMALAYA,LAHIR MATI,LAIN-LAIN,25,JIWA
JAWA BARAT,3206,KABUPATEN TASIKMALAYA,KEMATIAN POST-NEO,PNEUMONIA,17,JIWA
JAWA BARAT,3206,KABUPATEN TASIKMALAYA,KEMATIAN POST-NEO,DIARE,9,JIWA
JAWA BARAT,3206,KABUPATEN TASIKMALAYA,KEMATIAN POST-NEO,SALURAN CERNA,1,JIWA
JAWA BARAT,3206,KABUPATEN TASIKMALAYA,KEMATIAN POST-NEO,TETANUS,0,JIWA
JAWA BARAT,3206,KABUPATEN TASIKMALAYA,KEMATIAN POST-NEO,KELAINAN SARAF,2,JIWA
JAWA BARAT,3206,KABUPATEN TASIKMALAYA,KEMATIAN POST-NEO,MALARIA,1,JIWA
JAWA BARAT,3206,KABUPATEN TASIKMALAYA,KEMATIAN POST-NEO,LAIN-LAIN,26,JIWA
JAWA BARAT,3206,KABUPATEN TASIKMALAYA,KEMATIAN BALITA,DIARE,0,JIWA
JAWA BARAT,3206,KABUPATEN TASIKMALAYA,KEMATIAN BALITA,PNEUMONIA,4,JIWA
JAWA BARAT,3206,KABUPATEN TASIKMALAYA,KEMATIAN BALITA,MALARIA,0,JIWA
JAWA BARAT,3206,KABUPATEN TASIKMALAYA,KEMATIAN BALITA,CAMPAK,0,JIWA
JAWA BARAT,3206,KABUPATEN TASIKMALAYA,KEMATIAN BALITA,DEMAM,3,JIWA
JAWA BARAT,3206,KABUPATEN TASIKMALAYA,KEMATIAN BALITA,DIFTERI,0,JIWA
JAWA BARAT,3206,KABUPATEN TASIKMALAYA,KEMATIAN BALITA,LAIN-LAIN,9,JIWA
JAWA BARAT,3273,KOTA BANDUNG,KEMATIAN IBU,PENDARAHAN,2,JIWA
JAWA BARAT,3273,KOTA BANDUNG,KEMATIAN IBU,HIPERTENSI,2,JIWA
JAWA BARAT,3273,KOTA BANDUNG,KEMATIAN IBU,INFEKSI,0,JIWA
JAWA BARAT,3273,KOTA BANDUNG,KEMATIAN IBU,GANGGUAN DARAH,11,JIWA
JAWA BARAT,3273,KOTA BANDUNG,KEMATIAN IBU,GANGGUAN METABOLIK,0,JIWA
JAWA BARAT,3273,KOTA BANDUNG,KEMATIAN IBU,LAIN-LAIN,14,JIWA
JAWA BARAT,3273,KOTA BANDUNG,LAHIR MATI,BBLR,27,JIWA
JAWA BARAT,3273,KOTA BANDUNG,LAHIR MATI,ASFIKSIA,25,JIWA
JAWA BARAT,3273,KOTA BANDUNG,LAHIR MATI,TETANUS,0,JIWA
JAWA BARAT,3273,KOTA BANDUNG,LAHIR MATI,SEPSIS,1,JIWA
JAWA BARAT,3273,KOTA BANDUNG,LAHIR MATI,KELAINAN,13,JIWA
JAWA BARAT,3273,KOTA BANDUNG,LAHIR MATI,LAIN-LAIN,12,JIWA
JAWA BARAT,3273,KOTA BANDUNG,KEMATIAN POST-NEO,PNEUMONIA,4,JIWA
JAWA BARAT,3273,KOTA BANDUNG,KEMATIAN POST-NEO,DIARE,5,JIWA
JAWA BARAT,3273,KOTA BANDUNG,KEMATIAN POST-NEO,SALURAN CERNA,3,JIWA
JAWA BARAT,3273,KOTA BANDUNG,KEMATIAN POST-NEO,TETANUS,0,JIWA
JAWA BARAT,3273,KOTA BANDUNG,KEMATIAN POST-NEO,KELAINAN SARAF,0,JIWA
JAWA BARAT,3273,KOTA BANDUNG,KEMATIAN POST-NEO,MALARIA,0,JIWA
JAWA BARAT,3273,KOTA BANDUNG,KEMATIAN POST-NEO,LAIN-LAIN,23,JIWA
JAWA BARAT,3273,KOTA BANDUNG,KEMATIAN BALITA,DIARE,1,JIWA
JAWA BARAT,3273,KOTA BANDUNG,KEMATIAN BALITA,PNEUMONIA,0,JIWA
JAWA BARAT,3273,KOTA BANDUNG,KEMATIAN BALITA,MALARIA,0,JIWA
JAWA BARAT,3273,KOTA BANDUNG,KEMATIAN BALITA,CAMPAK,0,JIWA
JAWA BARAT,3273,KOTA BANDUNG,KEMATIAN BALITA,DEMAM,7,JIWA
JAWA BARAT,3273,KOTA BANDUNG,KEMATIAN BALITA,DIFTERI,0,JIWA
JAWA BARAT,3273,KOTA BANDUNG,KEMATIAN BALITA,LAIN-LAIN,14,JIWA
JAWA BARAT,3279,KOTA BANJAR,KEMATIAN IBU,PENDARAHAN,1,JIWA
JAWA BARAT,3279,KOTA BANJAR,KEMATIAN IBU,HIPERTENSI,0,JIWA
JAWA BARAT,3279,KOTA BANJAR,KEMATIAN IBU,INFEKSI,0,JIWA
JAWA BARAT,3279,KOTA BANJAR,KEMATIAN IBU,GANGGUAN DARAH,0,JIWA
JAWA BARAT,3279,KOTA BANJAR,KEMATIAN IBU,GANGGUAN METABOLIK,0,JIWA
JAWA BARAT,3279,KOTA BANJAR,KEMATIAN IBU,LAIN-LAIN,4,JIWA
JAWA BARAT,3279,KOTA BANJAR,LAHIR MATI,BBLR,5,JIWA
JAWA BARAT,3279,KOTA BANJAR,LAHIR MATI,ASFIKSIA,4,JIWA
JAWA BARAT,3279,KOTA BANJAR,LAHIR MATI,TETANUS,0,JIWA
JAWA BARAT,3279,KOTA BANJAR,LAHIR MATI,SEPSIS,1,JIWA
JAWA BARAT,3279,KOTA BANJAR,LAHIR MATI,KELAINAN,3,JIWA
JAWA BARAT,3279,KOTA BANJAR,LAHIR MATI,LAIN-LAIN,4,JIWA
JAWA BARAT,3279,KOTA BANJAR,KEMATIAN POST-NEO,PNEUMONIA,1,JIWA
JAWA BARAT,3279,KOTA BANJAR,KEMATIAN POST-NEO,DIARE,3,JIWA
JAWA BARAT,3279,KOTA BANJAR,KEMATIAN POST-NEO,SALURAN CERNA,0,JIWA
JAWA BARAT,3279,KOTA BANJAR,KEMATIAN POST-NEO,TETANUS,0,JIWA
JAWA BARAT,3279,KOTA BANJAR,KEMATIAN POST-NEO,KELAINAN SARAF,0,JIWA
JAWA BARAT,3279,KOTA BANJAR,KEMATIAN POST-NEO,MALARIA,0,JIWA
JAWA BARAT,3279,KOTA BANJAR,KEMATIAN POST-NEO,LAIN-LAIN,13,JIWA
JAWA BARAT,3279,KOTA BANJAR,KEMATIAN BALITA,DIARE,0,JIWA
JAWA BARAT,3279,KOTA BANJAR,KEMATIAN BALITA,PNEUMONIA,1,JIWA
JAWA BARAT,3279,KOTA BANJAR,KEMATIAN BALITA,MALARIA,0,JIWA
JAWA BARAT,3279,KOTA BANJAR,KEMATIAN BALITA,CAMPAK,0,JIWA
JAWA BARAT,3279,KOTA BANJAR,KEMATIAN BALITA,DEMAM,1,JIWA
JAWA BARAT,3279,KOTA BANJAR,KEMATIAN BALITA,DIFTERI,0,JIWA
JAWA BARAT,3279,KOTA BANJAR,KEMATIAN BALITA,LAIN-LAIN,6,JIWA
JAWA BARAT,3275,KOTA BEKASI,KEMATIAN IBU,PENDARAHAN,7,JIWA
JAWA BARAT,3275,KOTA BEKASI,KEMATIAN IBU,HIPERTENSI,1,JIWA
JAWA BARAT,3275,KOTA BEKASI,KEMATIAN IBU,INFEKSI,2,JIWA
JAWA BARAT,3275,KOTA BEKASI,KEMATIAN IBU,GANGGUAN DARAH,5,JIWA
JAWA BARAT,3275,KOTA BEKASI,KEMATIAN IBU,GANGGUAN METABOLIK,0,JIWA
JAWA BARAT,3275,KOTA BEKASI,KEMATIAN IBU,LAIN-LAIN,3,JIWA
JAWA BARAT,3275,KOTA BEKASI,LAHIR MATI,BBLR,10,JIWA
JAWA BARAT,3275,KOTA BEKASI,LAHIR MATI,ASFIKSIA,8,JIWA
JAWA BARAT,3275,KOTA BEKASI,LAHIR MATI,TETANUS,0,JIWA
JAWA BARAT,3275,KOTA BEKASI,LAHIR MATI,SEPSIS,8,JIWA
JAWA BARAT,3275,KOTA BEKASI,LAHIR MATI,KELAINAN,0,JIWA
JAWA BARAT,3275,KOTA BEKASI,LAHIR MATI,LAIN-LAIN,27,JIWA
JAWA BARAT,3275,KOTA BEKASI,KEMATIAN POST-NEO,PNEUMONIA,0,JIWA
JAWA BARAT,3275,KOTA BEKASI,KEMATIAN POST-NEO,DIARE,1,JIWA
JAWA BARAT,3275,KOTA BEKASI,KEMATIAN POST-NEO,SALURAN CERNA,0,JIWA
JAWA BARAT,3275,KOTA BEKASI,KEMATIAN POST-NEO,TETANUS,0,JIWA
JAWA BARAT,3275,KOTA BEKASI,KEMATIAN POST-NEO,KELAINAN SARAF,0,JIWA
JAWA BARAT,3275,KOTA BEKASI,KEMATIAN POST-NEO,MALARIA,0,JIWA
JAWA BARAT,3275,KOTA BEKASI,KEMATIAN POST-NEO,LAIN-LAIN,4,JIWA
JAWA BARAT,3275,KOTA BEKASI,KEMATIAN BALITA,DIARE,0,JIWA
JAWA BARAT,3275,KOTA BEKASI,KEMATIAN BALITA,PNEUMONIA,0,JIWA
JAWA BARAT,3275,KOTA BEKASI,KEMATIAN BALITA,MALARIA,0,JIWA
JAWA BARAT,3275,KOTA BEKASI,KEMATIAN BALITA,CAMPAK,0,JIWA
JAWA BARAT,3275,KOTA BEKASI,KEMATIAN BALITA,DEMAM,0,JIWA
JAWA BARAT,3275,KOTA BEKASI,KEMATIAN BALITA,DIFTERI,0,JIWA
JAWA BARAT,3275,KOTA BEKASI,KEMATIAN BALITA,LAIN-LAIN,0,JIWA
JAWA BARAT,3271,KOTA BOGOR,KEMATIAN IBU,PENDARAHAN,2,JIWA
JAWA BARAT,3271,KOTA BOGOR,KEMATIAN IBU,HIPERTENSI,4,JIWA
JAWA BARAT,3271,KOTA BOGOR,KEMATIAN IBU,INFEKSI,0,JIWA
JAWA BARAT,3271,KOTA BOGOR,KEMATIAN IBU,GANGGUAN DARAH,3,JIWA
JAWA BARAT,3271,KOTA BOGOR,KEMATIAN IBU,GANGGUAN METABOLIK,0,JIWA
JAWA BARAT,3271,KOTA BOGOR,KEMATIAN IBU,LAIN-LAIN,3,JIWA
JAWA BARAT,3271,KOTA BOGOR,LAHIR MATI,BBLR,19,JIWA
JAWA BARAT,3271,KOTA BOGOR,LAHIR MATI,ASFIKSIA,16,JIWA
JAWA BARAT,3271,KOTA BOGOR,LAHIR MATI,TETANUS,0,JIWA
JAWA BARAT,3271,KOTA BOGOR,LAHIR MATI,SEPSIS,1,JIWA
JAWA BARAT,3271,KOTA BOGOR,LAHIR MATI,KELAINAN,5,JIWA
JAWA BARAT,3271,KOTA BOGOR,LAHIR MATI,LAIN-LAIN,7,JIWA
JAWA BARAT,3271,KOTA BOGOR,KEMATIAN POST-NEO,PNEUMONIA,5,JIWA
JAWA BARAT,3271,KOTA BOGOR,KEMATIAN POST-NEO,DIARE,1,JIWA
JAWA BARAT,3271,KOTA BOGOR,KEMATIAN POST-NEO,SALURAN CERNA,1,JIWA
JAWA BARAT,3271,KOTA BOGOR,KEMATIAN POST-NEO,TETANUS,0,JIWA
JAWA BARAT,3271,KOTA BOGOR,KEMATIAN POST-NEO,KELAINAN SARAF,0,JIWA
JAWA BARAT,3271,KOTA BOGOR,KEMATIAN POST-NEO,MALARIA,0,JIWA
JAWA BARAT,3271,KOTA BOGOR,KEMATIAN POST-NEO,LAIN-LAIN,4,JIWA
JAWA BARAT,3271,KOTA BOGOR,KEMATIAN BALITA,DIARE,2,JIWA
JAWA BARAT,3271,KOTA BOGOR,KEMATIAN BALITA,PNEUMONIA,1,JIWA
JAWA BARAT,3271,KOTA BOGOR,KEMATIAN BALITA,MALARIA,0,JIWA
JAWA BARAT,3271,KOTA BOGOR,KEMATIAN BALITA,CAMPAK,0,JIWA
JAWA BARAT,3271,KOTA BOGOR,KEMATIAN BALITA,DEMAM,1,JIWA
JAWA BARAT,3271,KOTA BOGOR,KEMATIAN BALITA,DIFTERI,0,JIWA
JAWA BARAT,3271,KOTA BOGOR,KEMATIAN BALITA,LAIN-LAIN,4,JIWA
JAWA BARAT,3277,KOTA CIMAHI,KEMATIAN IBU,PENDARAHAN,2,JIWA
JAWA BARAT,3277,KOTA CIMAHI,KEMATIAN IBU,HIPERTENSI,3,JIWA
JAWA BARAT,3277,KOTA CIMAHI,KEMATIAN IBU,INFEKSI,0,JIWA
JAWA BARAT,3277,KOTA CIMAHI,KEMATIAN IBU,GANGGUAN DARAH,3,JIWA
JAWA BARAT,3277,KOTA CIMAHI,KEMATIAN IBU,GANGGUAN METABOLIK,0,JIWA
JAWA BARAT,3277,KOTA CIMAHI,KEMATIAN IBU,LAIN-LAIN,3,JIWA
JAWA BARAT,3277,KOTA CIMAHI,LAHIR MATI,BBLR,13,JIWA
JAWA BARAT,3277,KOTA CIMAHI,LAHIR MATI,ASFIKSIA,12,JIWA
JAWA BARAT,3277,KOTA CIMAHI,LAHIR MATI,TETANUS,0,JIWA
JAWA BARAT,3277,KOTA CIMAHI,LAHIR MATI,SEPSIS,1,JIWA
JAWA BARAT,3277,KOTA CIMAHI,LAHIR MATI,KELAINAN,6,JIWA
JAWA BARAT,3277,KOTA CIMAHI,LAHIR MATI,LAIN-LAIN,4,JIWA
JAWA BARAT,3277,KOTA CIMAHI,KEMATIAN POST-NEO,PNEUMONIA,2,JIWA
JAWA BARAT,3277,KOTA CIMAHI,KEMATIAN POST-NEO,DIARE,2,JIWA
JAWA BARAT,3277,KOTA CIMAHI,KEMATIAN POST-NEO,SALURAN CERNA,0,JIWA
JAWA BARAT,3277,KOTA CIMAHI,KEMATIAN POST-NEO,TETANUS,0,JIWA
JAWA BARAT,3277,KOTA CIMAHI,KEMATIAN POST-NEO,KELAINAN SARAF,0,JIWA
JAWA BARAT,3277,KOTA CIMAHI,KEMATIAN POST-NEO,MALARIA,0,JIWA
JAWA BARAT,3277,KOTA CIMAHI,KEMATIAN POST-NEO,LAIN-LAIN,10,JIWA
JAWA BARAT,3277,KOTA CIMAHI,KEMATIAN BALITA,DIARE,0,JIWA
JAWA BARAT,3277,KOTA CIMAHI,KEMATIAN BALITA,PNEUMONIA,0,JIWA
JAWA BARAT,3277,KOTA CIMAHI,KEMATIAN BALITA,MALARIA,0,JIWA
JAWA BARAT,3277,KOTA CIMAHI,KEMATIAN BALITA,CAMPAK,0,JIWA
JAWA BARAT,3277,KOTA CIMAHI,KEMATIAN BALITA,DEMAM,0,JIWA
JAWA BARAT,3277,KOTA CIMAHI,KEMATIAN BALITA,DIFTERI,0,JIWA
JAWA BARAT,3277,KOTA CIMAHI,KEMATIAN BALITA,LAIN-LAIN,2,JIWA
JAWA BARAT,3274,KOTA CIREBON,KEMATIAN IBU,PENDARAHAN,1,JIWA
JAWA BARAT,3274,KOTA CIREBON,KEMATIAN IBU,HIPERTENSI,1,JIWA
JAWA BARAT,3274,KOTA CIREBON,KEMATIAN IBU,INFEKSI,0,JIWA
JAWA BARAT,3274,KOTA CIREBON,KEMATIAN IBU,GANGGUAN DARAH,0,JIWA
JAWA BARAT,3274,KOTA CIREBON,KEMATIAN IBU,GANGGUAN METABOLIK,0,JIWA
JAWA BARAT,3274,KOTA CIREBON,KEMATIAN IBU,LAIN-LAIN,1,JIWA
JAWA BARAT,3274,KOTA CIREBON,LAHIR MATI,BBLR,8,JIWA
JAWA BARAT,3274,KOTA CIREBON,LAHIR MATI,ASFIKSIA,5,JIWA
JAWA BARAT,3274,KOTA CIREBON,LAHIR MATI,TETANUS,0,JIWA
JAWA BARAT,3274,KOTA CIREBON,LAHIR MATI,SEPSIS,1,JIWA
JAWA BARAT,3274,KOTA CIREBON,LAHIR MATI,KELAINAN,1,JIWA
JAWA BARAT,3274,KOTA CIREBON,LAHIR MATI,LAIN-LAIN,2,JIWA
JAWA BARAT,3274,KOTA CIREBON,KEMATIAN POST-NEO,PNEUMONIA,3,JIWA
JAWA BARAT,3274,KOTA CIREBON,KEMATIAN POST-NEO,DIARE,0,JIWA
JAWA BARAT,3274,KOTA CIREBON,KEMATIAN POST-NEO,SALURAN CERNA,0,JIWA
JAWA BARAT,3274,KOTA CIREBON,KEMATIAN POST-NEO,TETANUS,0,JIWA
JAWA BARAT,3274,KOTA CIREBON,KEMATIAN POST-NEO,KELAINAN SARAF,0,JIWA
JAWA BARAT,3274,KOTA CIREBON,KEMATIAN POST-NEO,MALARIA,0,JIWA
JAWA BARAT,3274,KOTA CIREBON,KEMATIAN POST-NEO,LAIN-LAIN,3,JIWA
JAWA BARAT,3274,KOTA CIREBON,KEMATIAN BALITA,DIARE,0,JIWA
JAWA BARAT,3274,KOTA CIREBON,KEMATIAN BALITA,PNEUMONIA,0,JIWA
JAWA BARAT,3274,KOTA CIREBON,KEMATIAN BALITA,MALARIA,0,JIWA
JAWA BARAT,3274,KOTA CIREBON,KEMATIAN BALITA,CAMPAK,0,JIWA
JAWA BARAT,3274,KOTA CIREBON,KEMATIAN BALITA,DEMAM,0,JIWA
JAWA BARAT,3274,KOTA CIREBON,KEMATIAN BALITA,DIFTERI,0,JIWA
JAWA BARAT,3274,KOTA CIREBON,KEMATIAN BALITA,LAIN-LAIN,2,JIWA
JAWA BARAT,3276,KOTA DEPOK,KEMATIAN IBU,PENDARAHAN,3,JIWA
JAWA BARAT,3276,KOTA DEPOK,KEMATIAN IBU,HIPERTENSI,4,JIWA
JAWA BARAT,3276,KOTA DEPOK,KEMATIAN IBU,INFEKSI,0,JIWA
JAWA BARAT,3276,KOTA DEPOK,KEMATIAN IBU,GANGGUAN DARAH,6,JIWA
JAWA BARAT,3276,KOTA DEPOK,KEMATIAN IBU,GANGGUAN METABOLIK,1,JIWA
JAWA BARAT,3276,KOTA DEPOK,KEMATIAN IBU,LAIN-LAIN,4,JIWA
JAWA BARAT,3276,KOTA DEPOK,LAHIR MATI,BBLR,14,JIWA
JAWA BARAT,3276,KOTA DEPOK,LAHIR MATI,ASFIKSIA,9,JIWA
JAWA BARAT,3276,KOTA DEPOK,LAHIR MATI,TETANUS,0,JIWA
JAWA BARAT,3276,KOTA DEPOK,LAHIR MATI,SEPSIS,4,JIWA
JAWA BARAT,3276,KOTA DEPOK,LAHIR MATI,KELAINAN,12,JIWA
JAWA BARAT,3276,KOTA DEPOK,LAHIR MATI,LAIN-LAIN,12,JIWA
JAWA BARAT,3276,KOTA DEPOK,KEMATIAN POST-NEO,PNEUMONIA,2,JIWA
JAWA BARAT,3276,KOTA DEPOK,KEMATIAN POST-NEO,DIARE,0,JIWA
JAWA BARAT,3276,KOTA DEPOK,KEMATIAN POST-NEO,SALURAN CERNA,1,JIWA
JAWA BARAT,3276,KOTA DEPOK,KEMATIAN POST-NEO,TETANUS,0,JIWA
JAWA BARAT,3276,KOTA DEPOK,KEMATIAN POST-NEO,KELAINAN SARAF,2,JIWA
JAWA BARAT,3276,KOTA DEPOK,KEMATIAN POST-NEO,MALARIA,0,JIWA
JAWA BARAT,3276,KOTA DEPOK,KEMATIAN POST-NEO,LAIN-LAIN,12,JIWA
JAWA BARAT,3276,KOTA DEPOK,KEMATIAN BALITA,DIARE,1,JIWA
JAWA BARAT,3276,KOTA DEPOK,KEMATIAN BALITA,PNEUMONIA,0,JIWA
JAWA BARAT,3276,KOTA DEPOK,KEMATIAN BALITA,MALARIA,0,JIWA
JAWA BARAT,3276,KOTA DEPOK,KEMATIAN BALITA,CAMPAK,0,JIWA
JAWA BARAT,3276,KOTA DEPOK,KEMATIAN BALITA,DEMAM,0,JIWA
JAWA BARAT,3276,KOTA DEPOK,KEMATIAN BALITA,DIFTERI,0,JIWA
JAWA BARAT,3276,KOTA DEPOK,KEMATIAN BALITA,LAIN-LAIN,4,JIWA
JAWA BARAT,3272,KOTA SUKABUMI,KEMATIAN IBU,PENDARAHAN,0,JIWA
JAWA BARAT,3272,KOTA SUKABUMI,KEMATIAN IBU,HIPERTENSI,1,JIWA
JAWA BARAT,3272,KOTA SUKABUMI,KEMATIAN IBU,INFEKSI,0,JIWA
JAWA BARAT,3272,KOTA SUKABUMI,KEMATIAN IBU,GANGGUAN DARAH,3,JIWA
JAWA BARAT,3272,KOTA SUKABUMI,KEMATIAN IBU,GANGGUAN METABOLIK,0,JIWA
JAWA BARAT,3272,KOTA SUKABUMI,KEMATIAN IBU,LAIN-LAIN,3,JIWA
JAWA BARAT,3272,KOTA SUKABUMI,LAHIR MATI,BBLR,6,JIWA
JAWA BARAT,3272,KOTA SUKABUMI,LAHIR MATI,ASFIKSIA,9,JIWA
JAWA BARAT,3272,KOTA SUKABUMI,LAHIR MATI,TETANUS,0,JIWA
JAWA BARAT,3272,KOTA SUKABUMI,LAHIR MATI,SEPSIS,0,JIWA
JAWA BARAT,3272,KOTA SUKABUMI,LAHIR MATI,KELAINAN,6,JIWA
JAWA BARAT,3272,KOTA SUKABUMI,LAHIR MATI,LAIN-LAIN,6,JIWA
JAWA BARAT,3272,KOTA SUKABUMI,KEMATIAN POST-NEO,PNEUMONIA,1,JIWA
JAWA BARAT,3272,KOTA SUKABUMI,KEMATIAN POST-NEO,DIARE,2,JIWA
JAWA BARAT,3272,KOTA SUKABUMI,KEMATIAN POST-NEO,SALURAN CERNA,0,JIWA
JAWA BARAT,3272,KOTA SUKABUMI,KEMATIAN POST-NEO,TETANUS,0,JIWA
JAWA BARAT,3272,KOTA SUKABUMI,KEMATIAN POST-NEO,KELAINAN SARAF,0,JIWA
JAWA BARAT,3272,KOTA SUKABUMI,KEMATIAN POST-NEO,MALARIA,0,JIWA
JAWA BARAT,3272,KOTA SUKABUMI,KEMATIAN POST-NEO,LAIN-LAIN,5,JIWA
JAWA BARAT,3272,KOTA SUKABUMI,KEMATIAN BALITA,DIARE,1,JIWA
JAWA BARAT,3272,KOTA SUKABUMI,KEMATIAN BALITA,PNEUMONIA,0,JIWA
JAWA BARAT,3272,KOTA SUKABUMI,KEMATIAN BALITA,MALARIA,0,JIWA
JAWA BARAT,3272,KOTA SUKABUMI,KEMATIAN BALITA,CAMPAK,0,JIWA
JAWA BARAT,3272,KOTA SUKABUMI,KEMATIAN BALITA,DEMAM,1,JIWA
JAWA BARAT,3272,KOTA SUKABUMI,KEMATIAN BALITA,DIFTERI,1,JIWA
JAWA BARAT,3272,KOTA SUKABUMI,KEMATIAN BALITA,LAIN-LAIN,1,JIWA
JAWA BARAT,3278,KOTA TASIKMALAYA,KEMATIAN IBU,PENDARAHAN,1,JIWA
JAWA BARAT,3278,KOTA TASIKMALAYA,KEMATIAN IBU,HIPERTENSI,5,JIWA
JAWA BARAT,3278,KOTA TASIKMALAYA,KEMATIAN IBU,INFEKSI,3,JIWA
JAWA BARAT,3278,KOTA TASIKMALAYA,KEMATIAN IBU,GANGGUAN DARAH,3,JIWA
JAWA BARAT,3278,KOTA TASIKMALAYA,KEMATIAN IBU,GANGGUAN METABOLIK,0,JIWA
JAWA BARAT,3278,KOTA TASIKMALAYA,KEMATIAN IBU,LAIN-LAIN,6,JIWA
JAWA BARAT,3278,KOTA TASIKMALAYA,LAHIR MATI,BBLR,12,JIWA
JAWA BARAT,3278,KOTA TASIKMALAYA,LAHIR MATI,ASFIKSIA,12,JIWA
JAWA BARAT,3278,KOTA TASIKMALAYA,LAHIR MATI,TETANUS,0,JIWA
JAWA BARAT,3278,KOTA TASIKMALAYA,LAHIR MATI,SEPSIS,1,JIWA
JAWA BARAT,3278,KOTA TASIKMALAYA,LAHIR MATI,KELAINAN,14,JIWA
JAWA BARAT,3278,KOTA TASIKMALAYA,LAHIR MATI,LAIN-LAIN,19,JIWA
JAWA BARAT,3278,KOTA TASIKMALAYA,KEMATIAN POST-NEO,PNEUMONIA,2,JIWA
JAWA BARAT,3278,KOTA TASIKMALAYA,KEMATIAN POST-NEO,DIARE,4,JIWA
JAWA BARAT,3278,KOTA TASIKMALAYA,KEMATIAN POST-NEO,SALURAN CERNA,2,JIWA
JAWA BARAT,3278,KOTA TASIKMALAYA,KEMATIAN POST-NEO,TETANUS,0,JIWA
JAWA BARAT,3278,KOTA TASIKMALAYA,KEMATIAN POST-NEO,KELAINAN SARAF,0,JIWA
JAWA BARAT,3278,KOTA TASIKMALAYA,KEMATIAN POST-NEO,MALARIA,0,JIWA
JAWA BARAT,3278,KOTA TASIKMALAYA,KEMATIAN POST-NEO,LAIN-LAIN,14,JIWA
JAWA BARAT,3278,KOTA TASIKMALAYA,KEMATIAN BALITA,DIARE,0,JIWA
JAWA BARAT,3278,KOTA TASIKMALAYA,KEMATIAN BALITA,PNEUMONIA,1,JIWA
JAWA BARAT,3278,KOTA TASIKMALAYA,KEMATIAN BALITA,MALARIA,0,JIWA
JAWA BARAT,3278,KOTA TASIKMALAYA,KEMATIAN BALITA,CAMPAK,0,JIWA
JAWA BARAT,3278,KOTA TASIKMALAYA,KEMATIAN BALITA,DEMAM,0,JIWA
JAWA BARAT,3278,KOTA TASIKMALAYA,KEMATIAN BALITA,DIFTERI,0,JIWA
JAWA BARAT,3278,KOTA TASIKMALAYA,KEMATIAN BALITA,LAIN-LAIN,8,JIWA
